{"cameraMode":{"drawMode":0,"name":"Shaded","section":"Shading Mode"},"sceneLighting":true,"audioPlay":false,"sceneViewState":{"showFog":true,"showMaterialUpdate":false,"showSkybox":true,"showFlares":true,"showImageEffects":true,"showParticleSystems":true},"in2DMode":false,"pivot":{"x":1.6143981218338013,"y":1.1807665824890137,"z":0.5295343399047852},"rotation":{"x":-0.09292340278625488,"y":0.8641701340675354,"z":-0.17337757349014283,"w":-0.4631607234477997},"size":10.29107666015625,"orthographic":false}