{"cameraMode":{"drawMode":0,"name":"Shaded","section":"Shading Mode"},"sceneLighting":true,"audioPlay":false,"sceneViewState":{"showFog":true,"showMaterialUpdate":false,"showSkybox":true,"showFlares":true,"showImageEffects":true,"showParticleSystems":true},"in2DMode":false,"pivot":{"x":2.4682505130767824,"y":-2.165034294128418,"z":0.23873144388198853},"rotation":{"x":0.4541003704071045,"y":0.5368059873580933,"z":-0.43101727962493899,"w":0.5656071901321411},"size":10.692294120788575,"orthographic":false}