{"cameraMode":{"drawMode":0,"name":"Shaded","section":"Shading Mode"},"sceneLighting":true,"audioPlay":false,"sceneViewState":{"showFog":true,"showMaterialUpdate":false,"showSkybox":true,"showFlares":true,"showImageEffects":true,"showParticleSystems":true},"in2DMode":false,"pivot":{"x":-1.0317678451538087,"y":1.122799038887024,"z":0.644368052482605},"rotation":{"x":-0.06502193957567215,"y":0.731368362903595,"z":-0.07042752951383591,"w":-0.6752181649208069},"size":12.965502738952637,"orthographic":false}