{"cameraMode":{"drawMode":0,"name":"Shaded","section":"Shading Mode"},"sceneLighting":true,"audioPlay":false,"sceneViewState":{"showFog":true,"showMaterialUpdate":false,"showSkybox":true,"showFlares":true,"showImageEffects":true,"showParticleSystems":true},"in2DMode":false,"pivot":{"x":0.44167065620422366,"y":0.8731421232223511,"z":0.6692800521850586},"rotation":{"x":-0.07428620755672455,"y":0.737274169921875,"z":-0.08217281103134155,"w":-0.6664663553237915},"size":3.4989004135131838,"orthographic":false}